/*
This script was created by Visual Studio on 6/6/2011 at 3:23 PM.
Run this script on [DONBOT.NuSurvey] to make it the same as [VOGEL.NuSurvey].
This script performs its actions in the following order:
1. Disable foreign-key constraints.
2. Perform DELETE commands. 
3. Perform UPDATE commands.
4. Perform INSERT commands.
5. Re-enable foreign-key constraints.
Please back up your target database before running this script.
*/
SET NUMERIC_ROUNDABORT OFF
GO
SET XACT_ABORT, ANSI_PADDING, ANSI_WARNINGS, CONCAT_NULL_YIELDS_NULL, ARITHABORT, QUOTED_IDENTIFIER, ANSI_NULLS ON
GO
/*Pointer used for text / image updates. This might not be needed, but is declared here just in case*/
DECLARE @pv binary(16)
BEGIN TRANSACTION
ALTER TABLE [dbo].[Questions] DROP CONSTRAINT [FK_Questions_Categories]
ALTER TABLE [dbo].[Questions] DROP CONSTRAINT [FK_Questions_Surveys]
ALTER TABLE [dbo].[Responses] DROP CONSTRAINT [FK_Responses_Questions]
ALTER TABLE [dbo].[CategoryGoals] DROP CONSTRAINT [FK_CategoryGoals_Categories]
ALTER TABLE [dbo].[Categories] DROP CONSTRAINT [FK_Categories_Surveys]
SET IDENTITY_INSERT [dbo].[Categories] ON
INSERT INTO [dbo].[Categories] ([id], [Name], [Rank], [Affirmation], [Encouragement], [SurveyId], [IsActive], [LastUpdate], [CreateDate], [DoNotUseForCalculations], [IsCurrentVersion], [PreviousVersion]) VALUES (8, N'Communication', 1, N'Great job! You talk with your child about food.', N'You may want to talk with your child about food during mealtime.', 2, 1, '20110420 10:22:02.000', '20110421 07:48:06.000', 0, 1, NULL)
INSERT INTO [dbo].[Categories] ([id], [Name], [Rank], [Affirmation], [Encouragement], [SurveyId], [IsActive], [LastUpdate], [CreateDate], [DoNotUseForCalculations], [IsCurrentVersion], [PreviousVersion]) VALUES (9, N'Accessibility', 2, N'Great job! You make food child friendly.', N'You may want to make food more child friendly.', 2, 1, '20110420 11:28:21.000', '20110421 07:48:06.000', 0, 1, NULL)
INSERT INTO [dbo].[Categories] ([id], [Name], [Rank], [Affirmation], [Encouragement], [SurveyId], [IsActive], [LastUpdate], [CreateDate], [DoNotUseForCalculations], [IsCurrentVersion], [PreviousVersion]) VALUES (10, N'Demandingness', 3, N'Great job! You let your child set the pace at mealtimes.', N'You may want to work on letting your child set the pace when eating.', 2, 1, '20110420 11:34:22.000', '20110421 07:48:06.000', 0, 1, NULL)
INSERT INTO [dbo].[Categories] ([id], [Name], [Rank], [Affirmation], [Encouragement], [SurveyId], [IsActive], [LastUpdate], [CreateDate], [DoNotUseForCalculations], [IsCurrentVersion], [PreviousVersion]) VALUES (11, N'Contingency Management', 4, N'Great job! You are not using food as a reward.', N'You may want to work on using non-food rewards for your child.', 2, 1, '20110420 11:42:11.000', '20110421 07:48:06.000', 0, 1, NULL)
INSERT INTO [dbo].[Categories] ([id], [Name], [Rank], [Affirmation], [Encouragement], [SurveyId], [IsActive], [LastUpdate], [CreateDate], [DoNotUseForCalculations], [IsCurrentVersion], [PreviousVersion]) VALUES (12, N'Structure', 5, N'Great job! You have a daily routine for your child''s eating.', N'You may want to work on having a routine for your child''s eating.', 2, 1, '20110420 11:48:30.610', '20110421 07:48:06.683', 0, 1, NULL)
INSERT INTO [dbo].[Categories] ([id], [Name], [Rank], [Affirmation], [Encouragement], [SurveyId], [IsActive], [LastUpdate], [CreateDate], [DoNotUseForCalculations], [IsCurrentVersion], [PreviousVersion]) VALUES (14, N'No Score', 6, N'N/A', N'N/A', 2, 1, '20110421 08:20:48.000', '20110421 08:20:48.000', 1, 1, NULL)
INSERT INTO [dbo].[Categories] ([id], [Name], [Rank], [Affirmation], [Encouragement], [SurveyId], [IsActive], [LastUpdate], [CreateDate], [DoNotUseForCalculations], [IsCurrentVersion], [PreviousVersion]) VALUES (30, N'Physical Activity', 4, N'Great job encouraging your child to be physically active.', N'You may want to work on helping your child be more physically active.', 1, 1, '20110603 07:48:23.000', '20110603 07:48:23.000', 0, 1, 29)
INSERT INTO [dbo].[Categories] ([id], [Name], [Rank], [Affirmation], [Encouragement], [SurveyId], [IsActive], [LastUpdate], [CreateDate], [DoNotUseForCalculations], [IsCurrentVersion], [PreviousVersion]) VALUES (31, N'Calcium/Dairy', 7, N'Good job! You are serving dairy and calcium foods at your family''s meals.', N'You may want to work on increasing dairy and calcium foods.', 1, 1, '20110603 07:48:59.000', '20110603 07:48:59.000', 0, 1, 7)
INSERT INTO [dbo].[Categories] ([id], [Name], [Rank], [Affirmation], [Encouragement], [SurveyId], [IsActive], [LastUpdate], [CreateDate], [DoNotUseForCalculations], [IsCurrentVersion], [PreviousVersion]) VALUES (32, N'Fruit and Vegetables', 2, N'Great job serving and eating fruits and vegetables.', N'You may want to add more fruit and vegetables to your family''s ,meals and snacks.', 1, 1, '20110606 13:01:34.000', '20110603 07:49:42.000', 0, 1, 1)
INSERT INTO [dbo].[Categories] ([id], [Name], [Rank], [Affirmation], [Encouragement], [SurveyId], [IsActive], [LastUpdate], [CreateDate], [DoNotUseForCalculations], [IsCurrentVersion], [PreviousVersion]) VALUES (33, N'No Score', 9, N'N/A', N'N/A', 1, 1, '20110603 07:51:20.000', '20110603 07:51:20.000', 1, 1, 13)
INSERT INTO [dbo].[Categories] ([id], [Name], [Rank], [Affirmation], [Encouragement], [SurveyId], [IsActive], [LastUpdate], [CreateDate], [DoNotUseForCalculations], [IsCurrentVersion], [PreviousVersion]) VALUES (34, N'TV/Screen time', 5, N'Great job limiting your child''s screen time.', N'You may want to work on limiting your child''s screen time.', 1, 1, '20110603 07:51:46.000', '20110603 07:51:46.000', 0, 1, 5)
INSERT INTO [dbo].[Categories] ([id], [Name], [Rank], [Affirmation], [Encouragement], [SurveyId], [IsActive], [LastUpdate], [CreateDate], [DoNotUseForCalculations], [IsCurrentVersion], [PreviousVersion]) VALUES (35, N'Energy Dense', 1, N'Good job! You serve healthy snacks and drinks.', N'You may want to work on buying fewer sugared drinks and snacks like chips, candy and cookies.', 1, 1, '20110603 07:53:18.000', '20110603 07:53:18.000', 0, 1, 2)
INSERT INTO [dbo].[Categories] ([id], [Name], [Rank], [Affirmation], [Encouragement], [SurveyId], [IsActive], [LastUpdate], [CreateDate], [DoNotUseForCalculations], [IsCurrentVersion], [PreviousVersion]) VALUES (36, N'Dietary Fat', 3, N'You do a great job serving foods low in fat.', N'You may want to choose foods low in fat.', 1, 1, '20110603 07:55:03.000', '20110603 07:55:03.000', 0, 1, 6)
INSERT INTO [dbo].[Categories] ([id], [Name], [Rank], [Affirmation], [Encouragement], [SurveyId], [IsActive], [LastUpdate], [CreateDate], [DoNotUseForCalculations], [IsCurrentVersion], [PreviousVersion]) VALUES (37, N'Planning/Parenting', 6, N'Congratulations! You do a good job planning meals and eating with your family.', N'You may want to work on planning meals and eating with your family.', 1, 1, '20110603 08:01:26.000', '20110603 08:01:26.000', 0, 1, 3)
SET IDENTITY_INSERT [dbo].[Categories] OFF
SET IDENTITY_INSERT [dbo].[CategoryGoals] ON
INSERT INTO [dbo].[CategoryGoals] ([id], [Name], [IsActive], [CategoryId]) VALUES (22, N'Ask your child a question about the food he is eating at each meal this week.', 1, 8)
INSERT INTO [dbo].[CategoryGoals] ([id], [Name], [IsActive], [CategoryId]) VALUES (23, N'Tell your child that a healthy food he is eating is good for him 2 times this week. "I love that you are drinking milk. It will make you strong!"', 1, 8)
INSERT INTO [dbo].[CategoryGoals] ([id], [Name], [IsActive], [CategoryId]) VALUES (24, N'Praise your child for trying a new food 2 times this week.', 1, 8)
INSERT INTO [dbo].[CategoryGoals] ([id], [Name], [IsActive], [CategoryId]) VALUES (25, N'Let your child serve himself at 2 meals this week.', 1, 9)
INSERT INTO [dbo].[CategoryGoals] ([id], [Name], [IsActive], [CategoryId]) VALUES (26, N'Let you child help prepare 2 meals this week.', 1, 9)
INSERT INTO [dbo].[CategoryGoals] ([id], [Name], [IsActive], [CategoryId]) VALUES (27, N'Make food fun for your child 2 times this week. Try cutting sandwiches into shapes. Try making faces with food.', 1, 9)
INSERT INTO [dbo].[CategoryGoals] ([id], [Name], [IsActive], [CategoryId]) VALUES (28, N'Let your child pick the foods she wants to eat from foods already prepared 3 times this week.', 1, 10)
INSERT INTO [dbo].[CategoryGoals] ([id], [Name], [IsActive], [CategoryId]) VALUES (29, N'Let you child decide when he is finished eating 3 times this week.', 1, 10)
INSERT INTO [dbo].[CategoryGoals] ([id], [Name], [IsActive], [CategoryId]) VALUES (30, N'Let your child serve himself at 2 meals this week.', 1, 10)
INSERT INTO [dbo].[CategoryGoals] ([id], [Name], [IsActive], [CategoryId]) VALUES (31, N'Praise your child for eating 3 times this week.', 1, 11)
INSERT INTO [dbo].[CategoryGoals] ([id], [Name], [IsActive], [CategoryId]) VALUES (32, N'When your child is not eating her food, ask her if she is full 3 times this week.', 1, 11)
INSERT INTO [dbo].[CategoryGoals] ([id], [Name], [IsActive], [CategoryId]) VALUES (33, N'Set regular meal time when you think your child will be hungry 3 times this week.', 1, 11)
INSERT INTO [dbo].[CategoryGoals] ([id], [Name], [IsActive], [CategoryId]) VALUES (34, N'Turn off the television and radio during dinner 3 meals this week.', 1, 12)
INSERT INTO [dbo].[CategoryGoals] ([id], [Name], [IsActive], [CategoryId]) VALUES (35, N'Sit and eat a meal with your child 4 times this week.', 1, 12)
INSERT INTO [dbo].[CategoryGoals] ([id], [Name], [IsActive], [CategoryId]) VALUES (36, N'Serve your child a snack at the same time each day 3 days this week.', 1, 12)
INSERT INTO [dbo].[CategoryGoals] ([id], [Name], [IsActive], [CategoryId]) VALUES (62, N'Play outside with your child 3 days this week.', 1, 30)
INSERT INTO [dbo].[CategoryGoals] ([id], [Name], [IsActive], [CategoryId]) VALUES (63, N'Plan a family outdoor activity this week.', 1, 30)
INSERT INTO [dbo].[CategoryGoals] ([id], [Name], [IsActive], [CategoryId]) VALUES (64, N'Take your child to the park at least 1 day this week.', 1, 30)
INSERT INTO [dbo].[CategoryGoals] ([id], [Name], [IsActive], [CategoryId]) VALUES (65, N'Serve milk with your child''s main meal 3 times this week.', 1, 31)
INSERT INTO [dbo].[CategoryGoals] ([id], [Name], [IsActive], [CategoryId]) VALUES (66, N'Drink milk with your child at 3 meals this week.', 1, 31)
INSERT INTO [dbo].[CategoryGoals] ([id], [Name], [IsActive], [CategoryId]) VALUES (67, N'Order milk when eating out this week.', 1, 31)
INSERT INTO [dbo].[CategoryGoals] ([id], [Name], [IsActive], [CategoryId]) VALUES (68, N'Let your child choose a fruit and vegetable on your next shopping trip.', 1, 32)
INSERT INTO [dbo].[CategoryGoals] ([id], [Name], [IsActive], [CategoryId]) VALUES (69, N'Offer your family 2 vegetables at dinner 3 times this week.', 1, 32)
INSERT INTO [dbo].[CategoryGoals] ([id], [Name], [IsActive], [CategoryId]) VALUES (70, N'Fix a fruit or vegetable snack with your child 2 times this week.', 1, 32)
INSERT INTO [dbo].[CategoryGoals] ([id], [Name], [IsActive], [CategoryId]) VALUES (71, N'Keep your child''s screen time to 1-2 hours, 3 days this week.', 1, 34)
INSERT INTO [dbo].[CategoryGoals] ([id], [Name], [IsActive], [CategoryId]) VALUES (72, N'Remove TV/video games from your child''s room this week.', 1, 34)
INSERT INTO [dbo].[CategoryGoals] ([id], [Name], [IsActive], [CategoryId]) VALUES (73, N'Play games with your child for 1 hour, 2 times this week when he or she usually watches TV.', 1, 34)
INSERT INTO [dbo].[CategoryGoals] ([id], [Name], [IsActive], [CategoryId]) VALUES (74, N'Choose water, unsweetened tea, diet soda or milk when eating out this week.', 1, 35)
INSERT INTO [dbo].[CategoryGoals] ([id], [Name], [IsActive], [CategoryId]) VALUES (75, N'Serve your child water or milk instead of soda, fruit punch or sport drinks 3 times this week.', 1, 35)
INSERT INTO [dbo].[CategoryGoals] ([id], [Name], [IsActive], [CategoryId]) VALUES (76, N'Serve a fruit or vegetable snack instead of cookies, candy or chips 2 times this week.', 1, 35)
INSERT INTO [dbo].[CategoryGoals] ([id], [Name], [IsActive], [CategoryId]) VALUES (77, N'Trim fat from meat or remove skin from chicken 3 times this week.', 1, 36)
INSERT INTO [dbo].[CategoryGoals] ([id], [Name], [IsActive], [CategoryId]) VALUES (78, N'Instead of whole-milk, serve reduced-fat or fat-free milk at your mail meal 3 times this week.', 1, 36)
INSERT INTO [dbo].[CategoryGoals] ([id], [Name], [IsActive], [CategoryId]) VALUES (79, N'Instead of eating out this week, plan a meal where your family is involved in the preparation.', 1, 36)
INSERT INTO [dbo].[CategoryGoals] ([id], [Name], [IsActive], [CategoryId]) VALUES (80, N'Use your favorite recipe book to plan 2 meals this week.', 1, 37)
INSERT INTO [dbo].[CategoryGoals] ([id], [Name], [IsActive], [CategoryId]) VALUES (81, N'Sit and eat a meal with your child 3 times this week.', 1, 37)
INSERT INTO [dbo].[CategoryGoals] ([id], [Name], [IsActive], [CategoryId]) VALUES (82, N'Fix dinner with you child 2 times this week.', 1, 37)
SET IDENTITY_INSERT [dbo].[CategoryGoals] OFF
SET IDENTITY_INSERT [dbo].[Responses] ON
INSERT INTO [dbo].[Responses] ([id], [Value], [Score], [Order], [IsActive], [QuestionId]) VALUES (213, N'no/rarely', 1, 1, 1, 40)
INSERT INTO [dbo].[Responses] ([id], [Value], [Score], [Order], [IsActive], [QuestionId]) VALUES (214, N'sometimes', 2, 2, 1, 40)
INSERT INTO [dbo].[Responses] ([id], [Value], [Score], [Order], [IsActive], [QuestionId]) VALUES (215, N'often', 3, 3, 1, 40)
INSERT INTO [dbo].[Responses] ([id], [Value], [Score], [Order], [IsActive], [QuestionId]) VALUES (216, N'very often', 4, 4, 1, 40)
INSERT INTO [dbo].[Responses] ([id], [Value], [Score], [Order], [IsActive], [QuestionId]) VALUES (217, N'no/rarely', 1, 1, 1, 41)
INSERT INTO [dbo].[Responses] ([id], [Value], [Score], [Order], [IsActive], [QuestionId]) VALUES (218, N'sometimes', 2, 2, 1, 41)
INSERT INTO [dbo].[Responses] ([id], [Value], [Score], [Order], [IsActive], [QuestionId]) VALUES (219, N'often', 3, 3, 1, 41)
INSERT INTO [dbo].[Responses] ([id], [Value], [Score], [Order], [IsActive], [QuestionId]) VALUES (220, N'very often', 4, 4, 1, 41)
INSERT INTO [dbo].[Responses] ([id], [Value], [Score], [Order], [IsActive], [QuestionId]) VALUES (221, N'no/rarely', 1, 1, 1, 42)
INSERT INTO [dbo].[Responses] ([id], [Value], [Score], [Order], [IsActive], [QuestionId]) VALUES (222, N'sometimes', 2, 2, 1, 42)
INSERT INTO [dbo].[Responses] ([id], [Value], [Score], [Order], [IsActive], [QuestionId]) VALUES (223, N'often', 3, 3, 1, 42)
INSERT INTO [dbo].[Responses] ([id], [Value], [Score], [Order], [IsActive], [QuestionId]) VALUES (224, N'very often', 4, 4, 1, 42)
INSERT INTO [dbo].[Responses] ([id], [Value], [Score], [Order], [IsActive], [QuestionId]) VALUES (225, N'no/rarely', 1, 1, 1, 43)
INSERT INTO [dbo].[Responses] ([id], [Value], [Score], [Order], [IsActive], [QuestionId]) VALUES (226, N'sometimes', 2, 2, 1, 43)
INSERT INTO [dbo].[Responses] ([id], [Value], [Score], [Order], [IsActive], [QuestionId]) VALUES (227, N'often', 3, 3, 1, 43)
INSERT INTO [dbo].[Responses] ([id], [Value], [Score], [Order], [IsActive], [QuestionId]) VALUES (228, N'very often', 4, 4, 1, 43)
INSERT INTO [dbo].[Responses] ([id], [Value], [Score], [Order], [IsActive], [QuestionId]) VALUES (229, N'no/rarely', 1, 1, 1, 44)
INSERT INTO [dbo].[Responses] ([id], [Value], [Score], [Order], [IsActive], [QuestionId]) VALUES (230, N'sometimes', 2, 2, 1, 44)
INSERT INTO [dbo].[Responses] ([id], [Value], [Score], [Order], [IsActive], [QuestionId]) VALUES (231, N'often', 3, 3, 1, 44)
INSERT INTO [dbo].[Responses] ([id], [Value], [Score], [Order], [IsActive], [QuestionId]) VALUES (232, N'very often', 4, 4, 1, 44)
INSERT INTO [dbo].[Responses] ([id], [Value], [Score], [Order], [IsActive], [QuestionId]) VALUES (233, N'no/rarely', 1, 1, 1, 45)
INSERT INTO [dbo].[Responses] ([id], [Value], [Score], [Order], [IsActive], [QuestionId]) VALUES (234, N'sometimes', 2, 2, 1, 45)
INSERT INTO [dbo].[Responses] ([id], [Value], [Score], [Order], [IsActive], [QuestionId]) VALUES (235, N'often', 3, 3, 1, 45)
INSERT INTO [dbo].[Responses] ([id], [Value], [Score], [Order], [IsActive], [QuestionId]) VALUES (236, N'very often', 4, 4, 1, 45)
INSERT INTO [dbo].[Responses] ([id], [Value], [Score], [Order], [IsActive], [QuestionId]) VALUES (237, N'no/rarely', 1, 1, 1, 46)
INSERT INTO [dbo].[Responses] ([id], [Value], [Score], [Order], [IsActive], [QuestionId]) VALUES (238, N'sometimes', 2, 2, 1, 46)
INSERT INTO [dbo].[Responses] ([id], [Value], [Score], [Order], [IsActive], [QuestionId]) VALUES (239, N'often', 3, 3, 1, 46)
INSERT INTO [dbo].[Responses] ([id], [Value], [Score], [Order], [IsActive], [QuestionId]) VALUES (240, N'very often', 4, 4, 1, 46)
INSERT INTO [dbo].[Responses] ([id], [Value], [Score], [Order], [IsActive], [QuestionId]) VALUES (241, N'no/rarely', 1, 1, 1, 47)
INSERT INTO [dbo].[Responses] ([id], [Value], [Score], [Order], [IsActive], [QuestionId]) VALUES (242, N'sometimes', 2, 2, 1, 47)
INSERT INTO [dbo].[Responses] ([id], [Value], [Score], [Order], [IsActive], [QuestionId]) VALUES (243, N'often', 3, 3, 1, 47)
INSERT INTO [dbo].[Responses] ([id], [Value], [Score], [Order], [IsActive], [QuestionId]) VALUES (244, N'very often', 4, 4, 1, 47)
INSERT INTO [dbo].[Responses] ([id], [Value], [Score], [Order], [IsActive], [QuestionId]) VALUES (245, N'no/rarely', 1, 1, 1, 48)
INSERT INTO [dbo].[Responses] ([id], [Value], [Score], [Order], [IsActive], [QuestionId]) VALUES (246, N'sometimes', 2, 2, 1, 48)
INSERT INTO [dbo].[Responses] ([id], [Value], [Score], [Order], [IsActive], [QuestionId]) VALUES (247, N'often', 3, 3, 1, 48)
INSERT INTO [dbo].[Responses] ([id], [Value], [Score], [Order], [IsActive], [QuestionId]) VALUES (248, N'very often', 4, 4, 1, 48)
INSERT INTO [dbo].[Responses] ([id], [Value], [Score], [Order], [IsActive], [QuestionId]) VALUES (249, N'no/rarely', 1, 1, 1, 49)
INSERT INTO [dbo].[Responses] ([id], [Value], [Score], [Order], [IsActive], [QuestionId]) VALUES (250, N'sometimes', 2, 2, 1, 49)
INSERT INTO [dbo].[Responses] ([id], [Value], [Score], [Order], [IsActive], [QuestionId]) VALUES (251, N'often', 3, 3, 1, 49)
INSERT INTO [dbo].[Responses] ([id], [Value], [Score], [Order], [IsActive], [QuestionId]) VALUES (252, N'very often', 4, 4, 1, 49)
INSERT INTO [dbo].[Responses] ([id], [Value], [Score], [Order], [IsActive], [QuestionId]) VALUES (253, N'no/rarely', 4, 1, 1, 50)
INSERT INTO [dbo].[Responses] ([id], [Value], [Score], [Order], [IsActive], [QuestionId]) VALUES (254, N'sometimes', 3, 2, 1, 50)
INSERT INTO [dbo].[Responses] ([id], [Value], [Score], [Order], [IsActive], [QuestionId]) VALUES (255, N'often', 2, 3, 1, 50)
INSERT INTO [dbo].[Responses] ([id], [Value], [Score], [Order], [IsActive], [QuestionId]) VALUES (256, N'very often', 1, 4, 1, 50)
INSERT INTO [dbo].[Responses] ([id], [Value], [Score], [Order], [IsActive], [QuestionId]) VALUES (257, N'no/rarely', 4, 1, 1, 51)
INSERT INTO [dbo].[Responses] ([id], [Value], [Score], [Order], [IsActive], [QuestionId]) VALUES (258, N'sometimes', 3, 2, 1, 51)
INSERT INTO [dbo].[Responses] ([id], [Value], [Score], [Order], [IsActive], [QuestionId]) VALUES (259, N'often', 2, 3, 1, 51)
INSERT INTO [dbo].[Responses] ([id], [Value], [Score], [Order], [IsActive], [QuestionId]) VALUES (260, N'very often', 1, 4, 1, 51)
INSERT INTO [dbo].[Responses] ([id], [Value], [Score], [Order], [IsActive], [QuestionId]) VALUES (261, N'no/rarely', 4, 1, 1, 52)
INSERT INTO [dbo].[Responses] ([id], [Value], [Score], [Order], [IsActive], [QuestionId]) VALUES (262, N'sometimes', 3, 2, 1, 52)
INSERT INTO [dbo].[Responses] ([id], [Value], [Score], [Order], [IsActive], [QuestionId]) VALUES (263, N'often', 2, 3, 1, 52)
INSERT INTO [dbo].[Responses] ([id], [Value], [Score], [Order], [IsActive], [QuestionId]) VALUES (264, N'very often', 1, 4, 1, 52)
INSERT INTO [dbo].[Responses] ([id], [Value], [Score], [Order], [IsActive], [QuestionId]) VALUES (265, N'no/rarely', 4, 1, 1, 53)
INSERT INTO [dbo].[Responses] ([id], [Value], [Score], [Order], [IsActive], [QuestionId]) VALUES (266, N'sometimes', 3, 2, 1, 53)
INSERT INTO [dbo].[Responses] ([id], [Value], [Score], [Order], [IsActive], [QuestionId]) VALUES (267, N'often', 2, 3, 1, 53)
INSERT INTO [dbo].[Responses] ([id], [Value], [Score], [Order], [IsActive], [QuestionId]) VALUES (268, N'very often', 1, 4, 1, 53)
INSERT INTO [dbo].[Responses] ([id], [Value], [Score], [Order], [IsActive], [QuestionId]) VALUES (269, N'no/rarely', 4, 1, 1, 54)
INSERT INTO [dbo].[Responses] ([id], [Value], [Score], [Order], [IsActive], [QuestionId]) VALUES (270, N'sometimes', 3, 2, 1, 54)
INSERT INTO [dbo].[Responses] ([id], [Value], [Score], [Order], [IsActive], [QuestionId]) VALUES (271, N'often', 2, 3, 1, 54)
INSERT INTO [dbo].[Responses] ([id], [Value], [Score], [Order], [IsActive], [QuestionId]) VALUES (272, N'very often', 1, 4, 1, 54)
INSERT INTO [dbo].[Responses] ([id], [Value], [Score], [Order], [IsActive], [QuestionId]) VALUES (273, N'no/rarely', 4, 1, 1, 55)
INSERT INTO [dbo].[Responses] ([id], [Value], [Score], [Order], [IsActive], [QuestionId]) VALUES (274, N'sometimes', 3, 2, 1, 55)
INSERT INTO [dbo].[Responses] ([id], [Value], [Score], [Order], [IsActive], [QuestionId]) VALUES (275, N'often', 2, 3, 1, 55)
INSERT INTO [dbo].[Responses] ([id], [Value], [Score], [Order], [IsActive], [QuestionId]) VALUES (276, N'very often', 1, 4, 1, 55)
INSERT INTO [dbo].[Responses] ([id], [Value], [Score], [Order], [IsActive], [QuestionId]) VALUES (277, N'no/rarely', 4, 1, 1, 56)
INSERT INTO [dbo].[Responses] ([id], [Value], [Score], [Order], [IsActive], [QuestionId]) VALUES (278, N'sometimes', 3, 2, 1, 56)
INSERT INTO [dbo].[Responses] ([id], [Value], [Score], [Order], [IsActive], [QuestionId]) VALUES (279, N'often', 2, 3, 1, 56)
INSERT INTO [dbo].[Responses] ([id], [Value], [Score], [Order], [IsActive], [QuestionId]) VALUES (280, N'very often', 1, 4, 1, 56)
INSERT INTO [dbo].[Responses] ([id], [Value], [Score], [Order], [IsActive], [QuestionId]) VALUES (281, N'no/rarely', 4, 1, 1, 57)
INSERT INTO [dbo].[Responses] ([id], [Value], [Score], [Order], [IsActive], [QuestionId]) VALUES (282, N'sometimes', 3, 2, 1, 57)
INSERT INTO [dbo].[Responses] ([id], [Value], [Score], [Order], [IsActive], [QuestionId]) VALUES (283, N'often', 2, 3, 1, 57)
INSERT INTO [dbo].[Responses] ([id], [Value], [Score], [Order], [IsActive], [QuestionId]) VALUES (284, N'very often', 1, 4, 1, 57)
INSERT INTO [dbo].[Responses] ([id], [Value], [Score], [Order], [IsActive], [QuestionId]) VALUES (289, N'no/rarely', 4, 1, 1, 59)
INSERT INTO [dbo].[Responses] ([id], [Value], [Score], [Order], [IsActive], [QuestionId]) VALUES (290, N'sometimes', 3, 2, 1, 59)
INSERT INTO [dbo].[Responses] ([id], [Value], [Score], [Order], [IsActive], [QuestionId]) VALUES (291, N'often', 2, 3, 1, 59)
INSERT INTO [dbo].[Responses] ([id], [Value], [Score], [Order], [IsActive], [QuestionId]) VALUES (292, N'very often', 1, 4, 1, 59)
INSERT INTO [dbo].[Responses] ([id], [Value], [Score], [Order], [IsActive], [QuestionId]) VALUES (293, N'no/rarely', 4, 1, 1, 60)
INSERT INTO [dbo].[Responses] ([id], [Value], [Score], [Order], [IsActive], [QuestionId]) VALUES (294, N'sometimes', 3, 2, 1, 60)
INSERT INTO [dbo].[Responses] ([id], [Value], [Score], [Order], [IsActive], [QuestionId]) VALUES (295, N'often', 2, 3, 1, 60)
INSERT INTO [dbo].[Responses] ([id], [Value], [Score], [Order], [IsActive], [QuestionId]) VALUES (296, N'very often', 1, 4, 1, 60)
INSERT INTO [dbo].[Responses] ([id], [Value], [Score], [Order], [IsActive], [QuestionId]) VALUES (297, N'no/rarely', 4, 1, 1, 61)
INSERT INTO [dbo].[Responses] ([id], [Value], [Score], [Order], [IsActive], [QuestionId]) VALUES (298, N'sometimes', 3, 2, 1, 61)
INSERT INTO [dbo].[Responses] ([id], [Value], [Score], [Order], [IsActive], [QuestionId]) VALUES (299, N'often', 2, 3, 1, 61)
INSERT INTO [dbo].[Responses] ([id], [Value], [Score], [Order], [IsActive], [QuestionId]) VALUES (300, N'very often', 1, 4, 1, 61)
INSERT INTO [dbo].[Responses] ([id], [Value], [Score], [Order], [IsActive], [QuestionId]) VALUES (301, N'no/rarely', 4, 1, 1, 62)
INSERT INTO [dbo].[Responses] ([id], [Value], [Score], [Order], [IsActive], [QuestionId]) VALUES (302, N'sometimes', 3, 2, 1, 62)
INSERT INTO [dbo].[Responses] ([id], [Value], [Score], [Order], [IsActive], [QuestionId]) VALUES (303, N'often', 2, 3, 1, 62)
INSERT INTO [dbo].[Responses] ([id], [Value], [Score], [Order], [IsActive], [QuestionId]) VALUES (304, N'very often', 1, 4, 1, 62)
INSERT INTO [dbo].[Responses] ([id], [Value], [Score], [Order], [IsActive], [QuestionId]) VALUES (305, N'no/rarely', 1, 1, 1, 63)
INSERT INTO [dbo].[Responses] ([id], [Value], [Score], [Order], [IsActive], [QuestionId]) VALUES (306, N'sometimes', 2, 2, 1, 63)
INSERT INTO [dbo].[Responses] ([id], [Value], [Score], [Order], [IsActive], [QuestionId]) VALUES (307, N'often', 3, 3, 1, 63)
INSERT INTO [dbo].[Responses] ([id], [Value], [Score], [Order], [IsActive], [QuestionId]) VALUES (308, N'very often', 4, 4, 1, 63)
INSERT INTO [dbo].[Responses] ([id], [Value], [Score], [Order], [IsActive], [QuestionId]) VALUES (309, N'no/rarely', 1, 1, 1, 64)
INSERT INTO [dbo].[Responses] ([id], [Value], [Score], [Order], [IsActive], [QuestionId]) VALUES (310, N'sometimes', 2, 2, 1, 64)
INSERT INTO [dbo].[Responses] ([id], [Value], [Score], [Order], [IsActive], [QuestionId]) VALUES (311, N'often', 3, 3, 1, 64)
INSERT INTO [dbo].[Responses] ([id], [Value], [Score], [Order], [IsActive], [QuestionId]) VALUES (312, N'very often', 4, 4, 1, 64)
INSERT INTO [dbo].[Responses] ([id], [Value], [Score], [Order], [IsActive], [QuestionId]) VALUES (313, N'no/rarely', 1, 1, 1, 65)
INSERT INTO [dbo].[Responses] ([id], [Value], [Score], [Order], [IsActive], [QuestionId]) VALUES (314, N'sometimes', 2, 2, 1, 65)
INSERT INTO [dbo].[Responses] ([id], [Value], [Score], [Order], [IsActive], [QuestionId]) VALUES (315, N'often', 3, 3, 1, 65)
INSERT INTO [dbo].[Responses] ([id], [Value], [Score], [Order], [IsActive], [QuestionId]) VALUES (316, N'very often', 4, 4, 1, 65)
INSERT INTO [dbo].[Responses] ([id], [Value], [Score], [Order], [IsActive], [QuestionId]) VALUES (317, N'no/rarely', 1, 1, 1, 66)
INSERT INTO [dbo].[Responses] ([id], [Value], [Score], [Order], [IsActive], [QuestionId]) VALUES (318, N'sometimes', 2, 2, 1, 66)
INSERT INTO [dbo].[Responses] ([id], [Value], [Score], [Order], [IsActive], [QuestionId]) VALUES (319, N'often', 3, 3, 1, 66)
INSERT INTO [dbo].[Responses] ([id], [Value], [Score], [Order], [IsActive], [QuestionId]) VALUES (320, N'very often', 4, 4, 1, 66)
INSERT INTO [dbo].[Responses] ([id], [Value], [Score], [Order], [IsActive], [QuestionId]) VALUES (325, N'no/rarely', 1, 1, 1, 68)
INSERT INTO [dbo].[Responses] ([id], [Value], [Score], [Order], [IsActive], [QuestionId]) VALUES (326, N'sometimes', 2, 2, 1, 68)
INSERT INTO [dbo].[Responses] ([id], [Value], [Score], [Order], [IsActive], [QuestionId]) VALUES (327, N'often', 3, 3, 1, 68)
INSERT INTO [dbo].[Responses] ([id], [Value], [Score], [Order], [IsActive], [QuestionId]) VALUES (328, N'very often', 4, 4, 1, 68)
INSERT INTO [dbo].[Responses] ([id], [Value], [Score], [Order], [IsActive], [QuestionId]) VALUES (496, N'0', 1, 0, 1, 115)
INSERT INTO [dbo].[Responses] ([id], [Value], [Score], [Order], [IsActive], [QuestionId]) VALUES (497, N'1', 2, 1, 1, 115)
INSERT INTO [dbo].[Responses] ([id], [Value], [Score], [Order], [IsActive], [QuestionId]) VALUES (498, N'2', 3, 2, 1, 115)
INSERT INTO [dbo].[Responses] ([id], [Value], [Score], [Order], [IsActive], [QuestionId]) VALUES (499, N'3', 4, 3, 1, 115)
INSERT INTO [dbo].[Responses] ([id], [Value], [Score], [Order], [IsActive], [QuestionId]) VALUES (500, N'4', 5, 4, 1, 115)
INSERT INTO [dbo].[Responses] ([id], [Value], [Score], [Order], [IsActive], [QuestionId]) VALUES (501, N'5', 5, 5, 1, 115)
INSERT INTO [dbo].[Responses] ([id], [Value], [Score], [Order], [IsActive], [QuestionId]) VALUES (502, N'6', 5, 6, 1, 115)
INSERT INTO [dbo].[Responses] ([id], [Value], [Score], [Order], [IsActive], [QuestionId]) VALUES (503, N'7', 5, 7, 1, 115)
INSERT INTO [dbo].[Responses] ([id], [Value], [Score], [Order], [IsActive], [QuestionId]) VALUES (504, N'0', 1, 0, 1, 116)
INSERT INTO [dbo].[Responses] ([id], [Value], [Score], [Order], [IsActive], [QuestionId]) VALUES (505, N'1', 2, 1, 1, 116)
INSERT INTO [dbo].[Responses] ([id], [Value], [Score], [Order], [IsActive], [QuestionId]) VALUES (506, N'2', 3, 2, 1, 116)
INSERT INTO [dbo].[Responses] ([id], [Value], [Score], [Order], [IsActive], [QuestionId]) VALUES (507, N'3', 4, 3, 1, 116)
INSERT INTO [dbo].[Responses] ([id], [Value], [Score], [Order], [IsActive], [QuestionId]) VALUES (508, N'4', 5, 4, 1, 116)
INSERT INTO [dbo].[Responses] ([id], [Value], [Score], [Order], [IsActive], [QuestionId]) VALUES (509, N'5 or more', 5, 5, 1, 116)
INSERT INTO [dbo].[Responses] ([id], [Value], [Score], [Order], [IsActive], [QuestionId]) VALUES (510, N'0', 1, 0, 1, 117)
INSERT INTO [dbo].[Responses] ([id], [Value], [Score], [Order], [IsActive], [QuestionId]) VALUES (511, N'1', 2, 1, 1, 117)
INSERT INTO [dbo].[Responses] ([id], [Value], [Score], [Order], [IsActive], [QuestionId]) VALUES (512, N'2', 3, 2, 1, 117)
INSERT INTO [dbo].[Responses] ([id], [Value], [Score], [Order], [IsActive], [QuestionId]) VALUES (513, N'3', 4, 3, 1, 117)
INSERT INTO [dbo].[Responses] ([id], [Value], [Score], [Order], [IsActive], [QuestionId]) VALUES (514, N'4', 5, 4, 1, 117)
INSERT INTO [dbo].[Responses] ([id], [Value], [Score], [Order], [IsActive], [QuestionId]) VALUES (515, N'5', 5, 5, 1, 117)
INSERT INTO [dbo].[Responses] ([id], [Value], [Score], [Order], [IsActive], [QuestionId]) VALUES (516, N'6', 5, 6, 1, 117)
INSERT INTO [dbo].[Responses] ([id], [Value], [Score], [Order], [IsActive], [QuestionId]) VALUES (517, N'7', 5, 7, 1, 117)
INSERT INTO [dbo].[Responses] ([id], [Value], [Score], [Order], [IsActive], [QuestionId]) VALUES (518, N'0', 1, 0, 1, 118)
INSERT INTO [dbo].[Responses] ([id], [Value], [Score], [Order], [IsActive], [QuestionId]) VALUES (519, N'1', 2, 1, 1, 118)
INSERT INTO [dbo].[Responses] ([id], [Value], [Score], [Order], [IsActive], [QuestionId]) VALUES (520, N'2', 3, 2, 1, 118)
INSERT INTO [dbo].[Responses] ([id], [Value], [Score], [Order], [IsActive], [QuestionId]) VALUES (521, N'3', 4, 3, 1, 118)
INSERT INTO [dbo].[Responses] ([id], [Value], [Score], [Order], [IsActive], [QuestionId]) VALUES (522, N'+4', 5, 4, 1, 118)
INSERT INTO [dbo].[Responses] ([id], [Value], [Score], [Order], [IsActive], [QuestionId]) VALUES (523, N'0', 1, 0, 1, 119)
INSERT INTO [dbo].[Responses] ([id], [Value], [Score], [Order], [IsActive], [QuestionId]) VALUES (524, N'1', 2, 1, 1, 119)
INSERT INTO [dbo].[Responses] ([id], [Value], [Score], [Order], [IsActive], [QuestionId]) VALUES (525, N'2', 3, 2, 1, 119)
INSERT INTO [dbo].[Responses] ([id], [Value], [Score], [Order], [IsActive], [QuestionId]) VALUES (526, N'3', 4, 3, 1, 119)
INSERT INTO [dbo].[Responses] ([id], [Value], [Score], [Order], [IsActive], [QuestionId]) VALUES (527, N'+4', 5, 4, 1, 119)
INSERT INTO [dbo].[Responses] ([id], [Value], [Score], [Order], [IsActive], [QuestionId]) VALUES (528, N'rarely', 1, 1, 1, 120)
INSERT INTO [dbo].[Responses] ([id], [Value], [Score], [Order], [IsActive], [QuestionId]) VALUES (529, N'somedays', 2, 2, 1, 120)
INSERT INTO [dbo].[Responses] ([id], [Value], [Score], [Order], [IsActive], [QuestionId]) VALUES (530, N'most days', 3, 3, 1, 120)
INSERT INTO [dbo].[Responses] ([id], [Value], [Score], [Order], [IsActive], [QuestionId]) VALUES (531, N'almost every day', 4, 4, 1, 120)
INSERT INTO [dbo].[Responses] ([id], [Value], [Score], [Order], [IsActive], [QuestionId]) VALUES (532, N'every day', 5, 5, 1, 120)
INSERT INTO [dbo].[Responses] ([id], [Value], [Score], [Order], [IsActive], [QuestionId]) VALUES (533, N'rarely', 1, 1, 1, 121)
INSERT INTO [dbo].[Responses] ([id], [Value], [Score], [Order], [IsActive], [QuestionId]) VALUES (534, N'somedays', 2, 2, 1, 121)
INSERT INTO [dbo].[Responses] ([id], [Value], [Score], [Order], [IsActive], [QuestionId]) VALUES (535, N'most days', 3, 3, 1, 121)
INSERT INTO [dbo].[Responses] ([id], [Value], [Score], [Order], [IsActive], [QuestionId]) VALUES (536, N'almost every day', 4, 4, 1, 121)
INSERT INTO [dbo].[Responses] ([id], [Value], [Score], [Order], [IsActive], [QuestionId]) VALUES (537, N'every day', 5, 5, 1, 121)
INSERT INTO [dbo].[Responses] ([id], [Value], [Score], [Order], [IsActive], [QuestionId]) VALUES (538, N'rarely', 1, 1, 1, 122)
INSERT INTO [dbo].[Responses] ([id], [Value], [Score], [Order], [IsActive], [QuestionId]) VALUES (539, N'sometimes', 2, 2, 1, 122)
INSERT INTO [dbo].[Responses] ([id], [Value], [Score], [Order], [IsActive], [QuestionId]) VALUES (540, N'often', 3, 3, 1, 122)
INSERT INTO [dbo].[Responses] ([id], [Value], [Score], [Order], [IsActive], [QuestionId]) VALUES (541, N'very often', 4, 4, 1, 122)
INSERT INTO [dbo].[Responses] ([id], [Value], [Score], [Order], [IsActive], [QuestionId]) VALUES (542, N'always', 5, 5, 1, 122)
INSERT INTO [dbo].[Responses] ([id], [Value], [Score], [Order], [IsActive], [QuestionId]) VALUES (543, N'rarely', 1, 1, 1, 123)
INSERT INTO [dbo].[Responses] ([id], [Value], [Score], [Order], [IsActive], [QuestionId]) VALUES (544, N'sometimes', 2, 2, 1, 123)
INSERT INTO [dbo].[Responses] ([id], [Value], [Score], [Order], [IsActive], [QuestionId]) VALUES (545, N'often', 3, 3, 1, 123)
INSERT INTO [dbo].[Responses] ([id], [Value], [Score], [Order], [IsActive], [QuestionId]) VALUES (546, N'very often', 4, 4, 1, 123)
INSERT INTO [dbo].[Responses] ([id], [Value], [Score], [Order], [IsActive], [QuestionId]) VALUES (547, N'always', 5, 5, 1, 123)
INSERT INTO [dbo].[Responses] ([id], [Value], [Score], [Order], [IsActive], [QuestionId]) VALUES (548, N'rarely', 1, 1, 1, 124)
INSERT INTO [dbo].[Responses] ([id], [Value], [Score], [Order], [IsActive], [QuestionId]) VALUES (549, N'somedays', 2, 2, 1, 124)
INSERT INTO [dbo].[Responses] ([id], [Value], [Score], [Order], [IsActive], [QuestionId]) VALUES (550, N'most days', 3, 3, 1, 124)
INSERT INTO [dbo].[Responses] ([id], [Value], [Score], [Order], [IsActive], [QuestionId]) VALUES (551, N'almost every day', 4, 4, 1, 124)
INSERT INTO [dbo].[Responses] ([id], [Value], [Score], [Order], [IsActive], [QuestionId]) VALUES (552, N'every day', 5, 5, 1, 124)
INSERT INTO [dbo].[Responses] ([id], [Value], [Score], [Order], [IsActive], [QuestionId]) VALUES (553, N'rarely', 1, 0, 1, 125)
INSERT INTO [dbo].[Responses] ([id], [Value], [Score], [Order], [IsActive], [QuestionId]) VALUES (554, N'somedays', 2, 1, 1, 125)
INSERT INTO [dbo].[Responses] ([id], [Value], [Score], [Order], [IsActive], [QuestionId]) VALUES (555, N'most days', 3, 2, 1, 125)
INSERT INTO [dbo].[Responses] ([id], [Value], [Score], [Order], [IsActive], [QuestionId]) VALUES (556, N'almost every day', 4, 3, 1, 125)
INSERT INTO [dbo].[Responses] ([id], [Value], [Score], [Order], [IsActive], [QuestionId]) VALUES (557, N'every day', 5, 4, 1, 125)
INSERT INTO [dbo].[Responses] ([id], [Value], [Score], [Order], [IsActive], [QuestionId]) VALUES (558, N'0', 1, 1, 1, 126)
INSERT INTO [dbo].[Responses] ([id], [Value], [Score], [Order], [IsActive], [QuestionId]) VALUES (559, N'1', 2, 2, 1, 126)
INSERT INTO [dbo].[Responses] ([id], [Value], [Score], [Order], [IsActive], [QuestionId]) VALUES (560, N'2', 3, 3, 1, 126)
INSERT INTO [dbo].[Responses] ([id], [Value], [Score], [Order], [IsActive], [QuestionId]) VALUES (561, N'3 or more', 5, 4, 1, 126)
INSERT INTO [dbo].[Responses] ([id], [Value], [Score], [Order], [IsActive], [QuestionId]) VALUES (562, N'rarely', 1, 0, 1, 127)
INSERT INTO [dbo].[Responses] ([id], [Value], [Score], [Order], [IsActive], [QuestionId]) VALUES (563, N'somedays', 2, 1, 1, 127)
INSERT INTO [dbo].[Responses] ([id], [Value], [Score], [Order], [IsActive], [QuestionId]) VALUES (564, N'most days', 3, 2, 1, 127)
INSERT INTO [dbo].[Responses] ([id], [Value], [Score], [Order], [IsActive], [QuestionId]) VALUES (565, N'almost every day', 4, 3, 1, 127)
INSERT INTO [dbo].[Responses] ([id], [Value], [Score], [Order], [IsActive], [QuestionId]) VALUES (566, N'every day', 5, 4, 1, 127)
INSERT INTO [dbo].[Responses] ([id], [Value], [Score], [Order], [IsActive], [QuestionId]) VALUES (567, N'rarely', 1, 1, 1, 128)
INSERT INTO [dbo].[Responses] ([id], [Value], [Score], [Order], [IsActive], [QuestionId]) VALUES (568, N'somedays', 2, 2, 1, 128)
INSERT INTO [dbo].[Responses] ([id], [Value], [Score], [Order], [IsActive], [QuestionId]) VALUES (569, N'most days', 3, 3, 1, 128)
INSERT INTO [dbo].[Responses] ([id], [Value], [Score], [Order], [IsActive], [QuestionId]) VALUES (570, N'almost every day', 4, 4, 1, 128)
INSERT INTO [dbo].[Responses] ([id], [Value], [Score], [Order], [IsActive], [QuestionId]) VALUES (571, N'every day', 5, 5, 1, 128)
INSERT INTO [dbo].[Responses] ([id], [Value], [Score], [Order], [IsActive], [QuestionId]) VALUES (572, N'rarely', 1, 1, 1, 129)
INSERT INTO [dbo].[Responses] ([id], [Value], [Score], [Order], [IsActive], [QuestionId]) VALUES (573, N'somedays', 2, 2, 1, 129)
INSERT INTO [dbo].[Responses] ([id], [Value], [Score], [Order], [IsActive], [QuestionId]) VALUES (574, N'most days', 3, 3, 1, 129)
INSERT INTO [dbo].[Responses] ([id], [Value], [Score], [Order], [IsActive], [QuestionId]) VALUES (575, N'almost every day', 4, 4, 1, 129)
INSERT INTO [dbo].[Responses] ([id], [Value], [Score], [Order], [IsActive], [QuestionId]) VALUES (576, N'every day', 5, 5, 1, 129)
INSERT INTO [dbo].[Responses] ([id], [Value], [Score], [Order], [IsActive], [QuestionId]) VALUES (577, N'0', 1, 0, 1, 130)
INSERT INTO [dbo].[Responses] ([id], [Value], [Score], [Order], [IsActive], [QuestionId]) VALUES (578, N'1', 2, 1, 1, 130)
INSERT INTO [dbo].[Responses] ([id], [Value], [Score], [Order], [IsActive], [QuestionId]) VALUES (579, N'2', 3, 2, 1, 130)
INSERT INTO [dbo].[Responses] ([id], [Value], [Score], [Order], [IsActive], [QuestionId]) VALUES (580, N'3', 4, 3, 1, 130)
INSERT INTO [dbo].[Responses] ([id], [Value], [Score], [Order], [IsActive], [QuestionId]) VALUES (581, N'+4', 5, 4, 1, 130)
INSERT INTO [dbo].[Responses] ([id], [Value], [Score], [Order], [IsActive], [QuestionId]) VALUES (582, N'0', 5, 0, 1, 133)
INSERT INTO [dbo].[Responses] ([id], [Value], [Score], [Order], [IsActive], [QuestionId]) VALUES (583, N'1', 4, 1, 1, 133)
INSERT INTO [dbo].[Responses] ([id], [Value], [Score], [Order], [IsActive], [QuestionId]) VALUES (584, N'2', 3, 2, 1, 133)
INSERT INTO [dbo].[Responses] ([id], [Value], [Score], [Order], [IsActive], [QuestionId]) VALUES (585, N'3', 2, 3, 1, 133)
INSERT INTO [dbo].[Responses] ([id], [Value], [Score], [Order], [IsActive], [QuestionId]) VALUES (586, N'4', 1, 4, 1, 133)
INSERT INTO [dbo].[Responses] ([id], [Value], [Score], [Order], [IsActive], [QuestionId]) VALUES (587, N'5', 1, 5, 1, 133)
INSERT INTO [dbo].[Responses] ([id], [Value], [Score], [Order], [IsActive], [QuestionId]) VALUES (588, N'6', 1, 6, 1, 133)
INSERT INTO [dbo].[Responses] ([id], [Value], [Score], [Order], [IsActive], [QuestionId]) VALUES (589, N'7', 1, 7, 1, 133)
INSERT INTO [dbo].[Responses] ([id], [Value], [Score], [Order], [IsActive], [QuestionId]) VALUES (590, N'rarely', 5, 1, 1, 134)
INSERT INTO [dbo].[Responses] ([id], [Value], [Score], [Order], [IsActive], [QuestionId]) VALUES (591, N'somedays', 4, 2, 1, 134)
INSERT INTO [dbo].[Responses] ([id], [Value], [Score], [Order], [IsActive], [QuestionId]) VALUES (592, N'most days', 3, 3, 1, 134)
INSERT INTO [dbo].[Responses] ([id], [Value], [Score], [Order], [IsActive], [QuestionId]) VALUES (593, N'almost every day', 2, 4, 1, 134)
INSERT INTO [dbo].[Responses] ([id], [Value], [Score], [Order], [IsActive], [QuestionId]) VALUES (594, N'every day', 1, 5, 1, 134)
INSERT INTO [dbo].[Responses] ([id], [Value], [Score], [Order], [IsActive], [QuestionId]) VALUES (595, N'rarely', 1, 1, 1, 135)
INSERT INTO [dbo].[Responses] ([id], [Value], [Score], [Order], [IsActive], [QuestionId]) VALUES (596, N'sometimes', 2, 2, 1, 135)
INSERT INTO [dbo].[Responses] ([id], [Value], [Score], [Order], [IsActive], [QuestionId]) VALUES (597, N'often', 3, 3, 1, 135)
INSERT INTO [dbo].[Responses] ([id], [Value], [Score], [Order], [IsActive], [QuestionId]) VALUES (598, N'very often', 4, 4, 1, 135)
INSERT INTO [dbo].[Responses] ([id], [Value], [Score], [Order], [IsActive], [QuestionId]) VALUES (599, N'always', 5, 5, 1, 135)
INSERT INTO [dbo].[Responses] ([id], [Value], [Score], [Order], [IsActive], [QuestionId]) VALUES (600, N'0', 1, 0, 1, 136)
INSERT INTO [dbo].[Responses] ([id], [Value], [Score], [Order], [IsActive], [QuestionId]) VALUES (601, N'1', 2, 1, 1, 136)
INSERT INTO [dbo].[Responses] ([id], [Value], [Score], [Order], [IsActive], [QuestionId]) VALUES (602, N'2', 3, 2, 1, 136)
INSERT INTO [dbo].[Responses] ([id], [Value], [Score], [Order], [IsActive], [QuestionId]) VALUES (603, N'3', 4, 3, 1, 136)
INSERT INTO [dbo].[Responses] ([id], [Value], [Score], [Order], [IsActive], [QuestionId]) VALUES (604, N'4', 5, 4, 1, 136)
INSERT INTO [dbo].[Responses] ([id], [Value], [Score], [Order], [IsActive], [QuestionId]) VALUES (605, N'5', 5, 5, 1, 136)
INSERT INTO [dbo].[Responses] ([id], [Value], [Score], [Order], [IsActive], [QuestionId]) VALUES (606, N'6', 5, 6, 1, 136)
INSERT INTO [dbo].[Responses] ([id], [Value], [Score], [Order], [IsActive], [QuestionId]) VALUES (607, N'7', 5, 7, 1, 136)
INSERT INTO [dbo].[Responses] ([id], [Value], [Score], [Order], [IsActive], [QuestionId]) VALUES (608, N'rarely', 1, 1, 1, 137)
INSERT INTO [dbo].[Responses] ([id], [Value], [Score], [Order], [IsActive], [QuestionId]) VALUES (609, N'sometimes', 2, 2, 1, 137)
INSERT INTO [dbo].[Responses] ([id], [Value], [Score], [Order], [IsActive], [QuestionId]) VALUES (610, N'often', 3, 3, 1, 137)
INSERT INTO [dbo].[Responses] ([id], [Value], [Score], [Order], [IsActive], [QuestionId]) VALUES (611, N'very often', 4, 4, 1, 137)
INSERT INTO [dbo].[Responses] ([id], [Value], [Score], [Order], [IsActive], [QuestionId]) VALUES (612, N'always', 5, 5, 1, 137)
INSERT INTO [dbo].[Responses] ([id], [Value], [Score], [Order], [IsActive], [QuestionId]) VALUES (613, N'rarely', 1, 1, 1, 138)
INSERT INTO [dbo].[Responses] ([id], [Value], [Score], [Order], [IsActive], [QuestionId]) VALUES (614, N'sometimes', 2, 2, 1, 138)
INSERT INTO [dbo].[Responses] ([id], [Value], [Score], [Order], [IsActive], [QuestionId]) VALUES (615, N'often', 3, 3, 1, 138)
INSERT INTO [dbo].[Responses] ([id], [Value], [Score], [Order], [IsActive], [QuestionId]) VALUES (616, N'very often', 4, 4, 1, 138)
INSERT INTO [dbo].[Responses] ([id], [Value], [Score], [Order], [IsActive], [QuestionId]) VALUES (617, N'always', 5, 5, 1, 138)
INSERT INTO [dbo].[Responses] ([id], [Value], [Score], [Order], [IsActive], [QuestionId]) VALUES (618, N'no', 5, 1, 1, 139)
INSERT INTO [dbo].[Responses] ([id], [Value], [Score], [Order], [IsActive], [QuestionId]) VALUES (619, N'yes', 1, 2, 1, 139)
INSERT INTO [dbo].[Responses] ([id], [Value], [Score], [Order], [IsActive], [QuestionId]) VALUES (620, N'0', 5, 0, 1, 140)
INSERT INTO [dbo].[Responses] ([id], [Value], [Score], [Order], [IsActive], [QuestionId]) VALUES (621, N'1', 4, 1, 1, 140)
INSERT INTO [dbo].[Responses] ([id], [Value], [Score], [Order], [IsActive], [QuestionId]) VALUES (622, N'2', 3, 2, 1, 140)
INSERT INTO [dbo].[Responses] ([id], [Value], [Score], [Order], [IsActive], [QuestionId]) VALUES (623, N'3', 2, 3, 1, 140)
INSERT INTO [dbo].[Responses] ([id], [Value], [Score], [Order], [IsActive], [QuestionId]) VALUES (624, N'4', 1, 4, 1, 140)
INSERT INTO [dbo].[Responses] ([id], [Value], [Score], [Order], [IsActive], [QuestionId]) VALUES (625, N'5 or more', 1, 5, 1, 140)
INSERT INTO [dbo].[Responses] ([id], [Value], [Score], [Order], [IsActive], [QuestionId]) VALUES (626, N'0', 1, 0, 1, 141)
INSERT INTO [dbo].[Responses] ([id], [Value], [Score], [Order], [IsActive], [QuestionId]) VALUES (627, N'1', 2, 1, 1, 141)
INSERT INTO [dbo].[Responses] ([id], [Value], [Score], [Order], [IsActive], [QuestionId]) VALUES (628, N'2', 3, 2, 1, 141)
INSERT INTO [dbo].[Responses] ([id], [Value], [Score], [Order], [IsActive], [QuestionId]) VALUES (629, N'3', 4, 3, 1, 141)
INSERT INTO [dbo].[Responses] ([id], [Value], [Score], [Order], [IsActive], [QuestionId]) VALUES (630, N'4', 5, 4, 1, 141)
INSERT INTO [dbo].[Responses] ([id], [Value], [Score], [Order], [IsActive], [QuestionId]) VALUES (631, N'5', 5, 5, 1, 141)
INSERT INTO [dbo].[Responses] ([id], [Value], [Score], [Order], [IsActive], [QuestionId]) VALUES (632, N'6 or more', 5, 6, 1, 141)
INSERT INTO [dbo].[Responses] ([id], [Value], [Score], [Order], [IsActive], [QuestionId]) VALUES (633, N'0', 5, 0, 1, 142)
INSERT INTO [dbo].[Responses] ([id], [Value], [Score], [Order], [IsActive], [QuestionId]) VALUES (634, N'1', 4, 1, 1, 142)
INSERT INTO [dbo].[Responses] ([id], [Value], [Score], [Order], [IsActive], [QuestionId]) VALUES (635, N'2', 3, 2, 1, 142)
INSERT INTO [dbo].[Responses] ([id], [Value], [Score], [Order], [IsActive], [QuestionId]) VALUES (636, N'3', 2, 3, 1, 142)
INSERT INTO [dbo].[Responses] ([id], [Value], [Score], [Order], [IsActive], [QuestionId]) VALUES (637, N'4', 1, 4, 1, 142)
INSERT INTO [dbo].[Responses] ([id], [Value], [Score], [Order], [IsActive], [QuestionId]) VALUES (638, N'5', 1, 5, 1, 142)
INSERT INTO [dbo].[Responses] ([id], [Value], [Score], [Order], [IsActive], [QuestionId]) VALUES (639, N'6 or more', 1, 6, 1, 142)
INSERT INTO [dbo].[Responses] ([id], [Value], [Score], [Order], [IsActive], [QuestionId]) VALUES (640, N'rarely', 5, 1, 1, 143)
INSERT INTO [dbo].[Responses] ([id], [Value], [Score], [Order], [IsActive], [QuestionId]) VALUES (641, N'sometimes', 4, 2, 1, 143)
INSERT INTO [dbo].[Responses] ([id], [Value], [Score], [Order], [IsActive], [QuestionId]) VALUES (642, N'often', 3, 3, 1, 143)
INSERT INTO [dbo].[Responses] ([id], [Value], [Score], [Order], [IsActive], [QuestionId]) VALUES (643, N'very often', 2, 4, 1, 143)
INSERT INTO [dbo].[Responses] ([id], [Value], [Score], [Order], [IsActive], [QuestionId]) VALUES (644, N'always', 1, 5, 1, 143)
INSERT INTO [dbo].[Responses] ([id], [Value], [Score], [Order], [IsActive], [QuestionId]) VALUES (645, N'rarely', 5, 1, 1, 144)
INSERT INTO [dbo].[Responses] ([id], [Value], [Score], [Order], [IsActive], [QuestionId]) VALUES (646, N'somedays', 4, 2, 1, 144)
INSERT INTO [dbo].[Responses] ([id], [Value], [Score], [Order], [IsActive], [QuestionId]) VALUES (647, N'most days', 3, 3, 1, 144)
INSERT INTO [dbo].[Responses] ([id], [Value], [Score], [Order], [IsActive], [QuestionId]) VALUES (648, N'almost every day', 2, 4, 1, 144)
INSERT INTO [dbo].[Responses] ([id], [Value], [Score], [Order], [IsActive], [QuestionId]) VALUES (649, N'every day', 1, 5, 1, 144)
INSERT INTO [dbo].[Responses] ([id], [Value], [Score], [Order], [IsActive], [QuestionId]) VALUES (650, N'rarely', 5, 1, 1, 145)
INSERT INTO [dbo].[Responses] ([id], [Value], [Score], [Order], [IsActive], [QuestionId]) VALUES (651, N'somedays', 4, 2, 1, 145)
INSERT INTO [dbo].[Responses] ([id], [Value], [Score], [Order], [IsActive], [QuestionId]) VALUES (652, N'most days', 3, 3, 1, 145)
INSERT INTO [dbo].[Responses] ([id], [Value], [Score], [Order], [IsActive], [QuestionId]) VALUES (653, N'almost every day', 2, 4, 1, 145)
INSERT INTO [dbo].[Responses] ([id], [Value], [Score], [Order], [IsActive], [QuestionId]) VALUES (654, N'every day', 1, 5, 1, 145)
INSERT INTO [dbo].[Responses] ([id], [Value], [Score], [Order], [IsActive], [QuestionId]) VALUES (655, N'no', 5, 1, 1, 146)
INSERT INTO [dbo].[Responses] ([id], [Value], [Score], [Order], [IsActive], [QuestionId]) VALUES (656, N'somedays', 4, 2, 1, 146)
INSERT INTO [dbo].[Responses] ([id], [Value], [Score], [Order], [IsActive], [QuestionId]) VALUES (657, N'most days', 3, 3, 1, 146)
INSERT INTO [dbo].[Responses] ([id], [Value], [Score], [Order], [IsActive], [QuestionId]) VALUES (658, N'almost every day', 2, 4, 1, 146)
INSERT INTO [dbo].[Responses] ([id], [Value], [Score], [Order], [IsActive], [QuestionId]) VALUES (659, N'every day', 1, 5, 1, 146)
INSERT INTO [dbo].[Responses] ([id], [Value], [Score], [Order], [IsActive], [QuestionId]) VALUES (660, N'0', 5, 0, 1, 147)
INSERT INTO [dbo].[Responses] ([id], [Value], [Score], [Order], [IsActive], [QuestionId]) VALUES (661, N'1', 4, 1, 1, 147)
INSERT INTO [dbo].[Responses] ([id], [Value], [Score], [Order], [IsActive], [QuestionId]) VALUES (662, N'2', 3, 2, 1, 147)
INSERT INTO [dbo].[Responses] ([id], [Value], [Score], [Order], [IsActive], [QuestionId]) VALUES (663, N'3', 2, 3, 1, 147)
INSERT INTO [dbo].[Responses] ([id], [Value], [Score], [Order], [IsActive], [QuestionId]) VALUES (664, N'4', 1, 4, 1, 147)
INSERT INTO [dbo].[Responses] ([id], [Value], [Score], [Order], [IsActive], [QuestionId]) VALUES (665, N'5 or more', 1, 5, 1, 147)
INSERT INTO [dbo].[Responses] ([id], [Value], [Score], [Order], [IsActive], [QuestionId]) VALUES (666, N'0', 5, 0, 1, 148)
INSERT INTO [dbo].[Responses] ([id], [Value], [Score], [Order], [IsActive], [QuestionId]) VALUES (667, N'1', 4, 1, 1, 148)
INSERT INTO [dbo].[Responses] ([id], [Value], [Score], [Order], [IsActive], [QuestionId]) VALUES (668, N'2', 3, 2, 1, 148)
INSERT INTO [dbo].[Responses] ([id], [Value], [Score], [Order], [IsActive], [QuestionId]) VALUES (669, N'3', 2, 3, 1, 148)
INSERT INTO [dbo].[Responses] ([id], [Value], [Score], [Order], [IsActive], [QuestionId]) VALUES (670, N'4', 1, 4, 1, 148)
INSERT INTO [dbo].[Responses] ([id], [Value], [Score], [Order], [IsActive], [QuestionId]) VALUES (671, N'5 or more', 1, 5, 1, 148)
INSERT INTO [dbo].[Responses] ([id], [Value], [Score], [Order], [IsActive], [QuestionId]) VALUES (672, N'0', 5, 0, 1, 149)
INSERT INTO [dbo].[Responses] ([id], [Value], [Score], [Order], [IsActive], [QuestionId]) VALUES (673, N'1', 4, 1, 1, 149)
INSERT INTO [dbo].[Responses] ([id], [Value], [Score], [Order], [IsActive], [QuestionId]) VALUES (674, N'2', 3, 2, 1, 149)
INSERT INTO [dbo].[Responses] ([id], [Value], [Score], [Order], [IsActive], [QuestionId]) VALUES (675, N'3', 2, 3, 1, 149)
INSERT INTO [dbo].[Responses] ([id], [Value], [Score], [Order], [IsActive], [QuestionId]) VALUES (676, N'4', 1, 4, 1, 149)
INSERT INTO [dbo].[Responses] ([id], [Value], [Score], [Order], [IsActive], [QuestionId]) VALUES (677, N'5 or more', 1, 5, 1, 149)
INSERT INTO [dbo].[Responses] ([id], [Value], [Score], [Order], [IsActive], [QuestionId]) VALUES (678, N'0', 5, 0, 1, 150)
INSERT INTO [dbo].[Responses] ([id], [Value], [Score], [Order], [IsActive], [QuestionId]) VALUES (679, N'1', 4, 1, 1, 150)
INSERT INTO [dbo].[Responses] ([id], [Value], [Score], [Order], [IsActive], [QuestionId]) VALUES (680, N'2', 3, 2, 1, 150)
INSERT INTO [dbo].[Responses] ([id], [Value], [Score], [Order], [IsActive], [QuestionId]) VALUES (681, N'3', 2, 3, 1, 150)
INSERT INTO [dbo].[Responses] ([id], [Value], [Score], [Order], [IsActive], [QuestionId]) VALUES (682, N'4', 1, 4, 1, 150)
INSERT INTO [dbo].[Responses] ([id], [Value], [Score], [Order], [IsActive], [QuestionId]) VALUES (683, N'5 or more', 1, 5, 1, 150)
INSERT INTO [dbo].[Responses] ([id], [Value], [Score], [Order], [IsActive], [QuestionId]) VALUES (684, N'no', 1, 1, 1, 151)
INSERT INTO [dbo].[Responses] ([id], [Value], [Score], [Order], [IsActive], [QuestionId]) VALUES (685, N'whole', 2, 2, 1, 151)
INSERT INTO [dbo].[Responses] ([id], [Value], [Score], [Order], [IsActive], [QuestionId]) VALUES (686, N'2% reduced fat', 3, 3, 1, 151)
INSERT INTO [dbo].[Responses] ([id], [Value], [Score], [Order], [IsActive], [QuestionId]) VALUES (687, N'1% lowfat', 4, 4, 1, 151)
INSERT INTO [dbo].[Responses] ([id], [Value], [Score], [Order], [IsActive], [QuestionId]) VALUES (688, N'skim/nonfat', 5, 5, 1, 151)
INSERT INTO [dbo].[Responses] ([id], [Value], [Score], [Order], [IsActive], [QuestionId]) VALUES (689, N'soy', 5, 6, 1, 151)
INSERT INTO [dbo].[Responses] ([id], [Value], [Score], [Order], [IsActive], [QuestionId]) VALUES (690, N'0', 5, 0, 1, 152)
INSERT INTO [dbo].[Responses] ([id], [Value], [Score], [Order], [IsActive], [QuestionId]) VALUES (691, N'1', 4, 1, 1, 152)
INSERT INTO [dbo].[Responses] ([id], [Value], [Score], [Order], [IsActive], [QuestionId]) VALUES (692, N'2', 3, 2, 1, 152)
INSERT INTO [dbo].[Responses] ([id], [Value], [Score], [Order], [IsActive], [QuestionId]) VALUES (693, N'3', 2, 3, 1, 152)
INSERT INTO [dbo].[Responses] ([id], [Value], [Score], [Order], [IsActive], [QuestionId]) VALUES (694, N'4', 1, 4, 1, 152)
INSERT INTO [dbo].[Responses] ([id], [Value], [Score], [Order], [IsActive], [QuestionId]) VALUES (695, N'5', 1, 5, 1, 152)
INSERT INTO [dbo].[Responses] ([id], [Value], [Score], [Order], [IsActive], [QuestionId]) VALUES (696, N'6', 1, 6, 1, 152)
INSERT INTO [dbo].[Responses] ([id], [Value], [Score], [Order], [IsActive], [QuestionId]) VALUES (697, N'7', 1, 7, 1, 152)
INSERT INTO [dbo].[Responses] ([id], [Value], [Score], [Order], [IsActive], [QuestionId]) VALUES (698, N'8 or more', 1, 8, 1, 152)
INSERT INTO [dbo].[Responses] ([id], [Value], [Score], [Order], [IsActive], [QuestionId]) VALUES (699, N'0', 5, 0, 1, 153)
INSERT INTO [dbo].[Responses] ([id], [Value], [Score], [Order], [IsActive], [QuestionId]) VALUES (700, N'1', 4, 1, 1, 153)
INSERT INTO [dbo].[Responses] ([id], [Value], [Score], [Order], [IsActive], [QuestionId]) VALUES (701, N'2', 3, 2, 1, 153)
INSERT INTO [dbo].[Responses] ([id], [Value], [Score], [Order], [IsActive], [QuestionId]) VALUES (702, N'3', 2, 3, 1, 153)
INSERT INTO [dbo].[Responses] ([id], [Value], [Score], [Order], [IsActive], [QuestionId]) VALUES (703, N'4', 1, 4, 1, 153)
INSERT INTO [dbo].[Responses] ([id], [Value], [Score], [Order], [IsActive], [QuestionId]) VALUES (704, N'5', 1, 5, 1, 153)
INSERT INTO [dbo].[Responses] ([id], [Value], [Score], [Order], [IsActive], [QuestionId]) VALUES (705, N'6', 1, 6, 1, 153)
INSERT INTO [dbo].[Responses] ([id], [Value], [Score], [Order], [IsActive], [QuestionId]) VALUES (706, N'7', 1, 7, 1, 153)
INSERT INTO [dbo].[Responses] ([id], [Value], [Score], [Order], [IsActive], [QuestionId]) VALUES (707, N'8 or more', 1, 8, 1, 153)
INSERT INTO [dbo].[Responses] ([id], [Value], [Score], [Order], [IsActive], [QuestionId]) VALUES (708, N'rarely', 1, 1, 1, 154)
INSERT INTO [dbo].[Responses] ([id], [Value], [Score], [Order], [IsActive], [QuestionId]) VALUES (709, N'sometimes', 2, 2, 1, 154)
INSERT INTO [dbo].[Responses] ([id], [Value], [Score], [Order], [IsActive], [QuestionId]) VALUES (710, N'often', 3, 3, 1, 154)
INSERT INTO [dbo].[Responses] ([id], [Value], [Score], [Order], [IsActive], [QuestionId]) VALUES (711, N'very often', 4, 4, 1, 154)
INSERT INTO [dbo].[Responses] ([id], [Value], [Score], [Order], [IsActive], [QuestionId]) VALUES (712, N'always', 5, 5, 1, 154)
INSERT INTO [dbo].[Responses] ([id], [Value], [Score], [Order], [IsActive], [QuestionId]) VALUES (713, N'no', 5, 1, 1, 155)
INSERT INTO [dbo].[Responses] ([id], [Value], [Score], [Order], [IsActive], [QuestionId]) VALUES (714, N'sometimes', 4, 2, 1, 155)
INSERT INTO [dbo].[Responses] ([id], [Value], [Score], [Order], [IsActive], [QuestionId]) VALUES (715, N'often', 3, 3, 1, 155)
INSERT INTO [dbo].[Responses] ([id], [Value], [Score], [Order], [IsActive], [QuestionId]) VALUES (716, N'very often', 2, 4, 1, 155)
INSERT INTO [dbo].[Responses] ([id], [Value], [Score], [Order], [IsActive], [QuestionId]) VALUES (717, N'always', 1, 5, 1, 155)
INSERT INTO [dbo].[Responses] ([id], [Value], [Score], [Order], [IsActive], [QuestionId]) VALUES (718, N'0', 5, 0, 1, 156)
INSERT INTO [dbo].[Responses] ([id], [Value], [Score], [Order], [IsActive], [QuestionId]) VALUES (719, N'1', 4, 1, 1, 156)
INSERT INTO [dbo].[Responses] ([id], [Value], [Score], [Order], [IsActive], [QuestionId]) VALUES (720, N'2', 3, 2, 1, 156)
INSERT INTO [dbo].[Responses] ([id], [Value], [Score], [Order], [IsActive], [QuestionId]) VALUES (721, N'3', 2, 3, 1, 156)
INSERT INTO [dbo].[Responses] ([id], [Value], [Score], [Order], [IsActive], [QuestionId]) VALUES (722, N'4', 1, 4, 1, 156)
INSERT INTO [dbo].[Responses] ([id], [Value], [Score], [Order], [IsActive], [QuestionId]) VALUES (723, N'5', 1, 5, 1, 156)
INSERT INTO [dbo].[Responses] ([id], [Value], [Score], [Order], [IsActive], [QuestionId]) VALUES (724, N'6', 1, 6, 1, 156)
INSERT INTO [dbo].[Responses] ([id], [Value], [Score], [Order], [IsActive], [QuestionId]) VALUES (725, N'7', 1, 7, 1, 156)
INSERT INTO [dbo].[Responses] ([id], [Value], [Score], [Order], [IsActive], [QuestionId]) VALUES (726, N'8 or more', 1, 8, 1, 156)
INSERT INTO [dbo].[Responses] ([id], [Value], [Score], [Order], [IsActive], [QuestionId]) VALUES (727, N'rarely', 1, 1, 1, 157)
INSERT INTO [dbo].[Responses] ([id], [Value], [Score], [Order], [IsActive], [QuestionId]) VALUES (728, N'sometimes', 2, 2, 1, 157)
INSERT INTO [dbo].[Responses] ([id], [Value], [Score], [Order], [IsActive], [QuestionId]) VALUES (729, N'often', 3, 3, 1, 157)
INSERT INTO [dbo].[Responses] ([id], [Value], [Score], [Order], [IsActive], [QuestionId]) VALUES (730, N'very often', 4, 4, 1, 157)
INSERT INTO [dbo].[Responses] ([id], [Value], [Score], [Order], [IsActive], [QuestionId]) VALUES (731, N'always', 5, 5, 1, 157)
INSERT INTO [dbo].[Responses] ([id], [Value], [Score], [Order], [IsActive], [QuestionId]) VALUES (732, N'rarely', 1, 1, 1, 158)
INSERT INTO [dbo].[Responses] ([id], [Value], [Score], [Order], [IsActive], [QuestionId]) VALUES (733, N'somedays', 2, 2, 1, 158)
INSERT INTO [dbo].[Responses] ([id], [Value], [Score], [Order], [IsActive], [QuestionId]) VALUES (734, N'most days', 3, 3, 1, 158)
INSERT INTO [dbo].[Responses] ([id], [Value], [Score], [Order], [IsActive], [QuestionId]) VALUES (735, N'almost every day', 4, 4, 1, 158)
INSERT INTO [dbo].[Responses] ([id], [Value], [Score], [Order], [IsActive], [QuestionId]) VALUES (736, N'every day', 5, 5, 1, 158)
INSERT INTO [dbo].[Responses] ([id], [Value], [Score], [Order], [IsActive], [QuestionId]) VALUES (737, N'rarely', 1, 0, 1, 159)
INSERT INTO [dbo].[Responses] ([id], [Value], [Score], [Order], [IsActive], [QuestionId]) VALUES (738, N'somedays', 2, 1, 1, 159)
INSERT INTO [dbo].[Responses] ([id], [Value], [Score], [Order], [IsActive], [QuestionId]) VALUES (739, N'most days', 3, 2, 1, 159)
INSERT INTO [dbo].[Responses] ([id], [Value], [Score], [Order], [IsActive], [QuestionId]) VALUES (740, N'almost every day', 4, 3, 1, 159)
INSERT INTO [dbo].[Responses] ([id], [Value], [Score], [Order], [IsActive], [QuestionId]) VALUES (741, N'every day', 5, 4, 1, 159)
SET IDENTITY_INSERT [dbo].[Responses] OFF
SET IDENTITY_INSERT [dbo].[Questions] ON
INSERT INTO [dbo].[Questions] ([id], [Name], [IsActive], [CategoryId], [SurveyId], [Order], [IsOpenEnded], [CreateDate]) VALUES (40, N'I get my child to eat by explaining that the food is good for him.', 1, 8, 2, 1, 0, '20110421 07:42:22.960')
INSERT INTO [dbo].[Questions] ([id], [Name], [IsActive], [CategoryId], [SurveyId], [Order], [IsOpenEnded], [CreateDate]) VALUES (41, N'I praise my child for eating.', 1, 8, 2, 8, 0, '20110421 07:42:22.960')
INSERT INTO [dbo].[Questions] ([id], [Name], [IsActive], [CategoryId], [SurveyId], [Order], [IsOpenEnded], [CreateDate]) VALUES (42, N'I say good things about the food my child is eating.', 1, 8, 2, 16, 0, '20110421 07:42:22.960')
INSERT INTO [dbo].[Questions] ([id], [Name], [IsActive], [CategoryId], [SurveyId], [Order], [IsOpenEnded], [CreateDate]) VALUES (43, N'I ask my child questions about the food she is eating.', 1, 8, 2, 22, 0, '20110421 07:42:22.960')
INSERT INTO [dbo].[Questions] ([id], [Name], [IsActive], [CategoryId], [SurveyId], [Order], [IsOpenEnded], [CreateDate]) VALUES (44, N'I ask my child to try a little bit of a new food.', 1, 9, 2, 5, 0, '20110421 07:42:22.960')
INSERT INTO [dbo].[Questions] ([id], [Name], [IsActive], [CategoryId], [SurveyId], [Order], [IsOpenEnded], [CreateDate]) VALUES (45, N'I prepare at least one food that I know my child will eat.', 1, 9, 2, 7, 0, '20110421 07:42:22.960')
INSERT INTO [dbo].[Questions] ([id], [Name], [IsActive], [CategoryId], [SurveyId], [Order], [IsOpenEnded], [CreateDate]) VALUES (46, N'I help my child with eating (cut food, cool the food).', 1, 9, 2, 9, 0, '20110421 07:42:22.960')
INSERT INTO [dbo].[Questions] ([id], [Name], [IsActive], [CategoryId], [SurveyId], [Order], [IsOpenEnded], [CreateDate]) VALUES (47, N'I get my child to eat by making food fun.', 1, 9, 2, 10, 0, '20110421 07:42:22.960')
INSERT INTO [dbo].[Questions] ([id], [Name], [IsActive], [CategoryId], [SurveyId], [Order], [IsOpenEnded], [CreateDate]) VALUES (48, N'I ask my child to pick from foods already cooked.', 1, 9, 2, 17, 0, '20110421 07:42:22.960')
INSERT INTO [dbo].[Questions] ([id], [Name], [IsActive], [CategoryId], [SurveyId], [Order], [IsOpenEnded], [CreateDate]) VALUES (49, N'I let my child serve himself.', 1, 9, 2, 23, 0, '20110421 07:42:22.960')
INSERT INTO [dbo].[Questions] ([id], [Name], [IsActive], [CategoryId], [SurveyId], [Order], [IsOpenEnded], [CreateDate]) VALUES (50, N'I struggle with my child to get her to eat (pick her up and put her in the chair).', 1, 10, 2, 14, 0, '20110421 07:42:22.960')
INSERT INTO [dbo].[Questions] ([id], [Name], [IsActive], [CategoryId], [SurveyId], [Order], [IsOpenEnded], [CreateDate]) VALUES (51, N'I hand-feed my child to get her to eat.', 1, 10, 2, 18, 0, '20110421 07:42:22.960')
INSERT INTO [dbo].[Questions] ([id], [Name], [IsActive], [CategoryId], [SurveyId], [Order], [IsOpenEnded], [CreateDate]) VALUES (52, N'I say to my child, "Hurry up and eat your food".', 1, 10, 2, 19, 0, '20110421 07:42:22.960')
INSERT INTO [dbo].[Questions] ([id], [Name], [IsActive], [CategoryId], [SurveyId], [Order], [IsOpenEnded], [CreateDate]) VALUES (53, N'I tell my child that she needs to eat an item on her plate ("Eat your chicken").', 1, 10, 2, 20, 0, '20110421 07:42:22.960')
INSERT INTO [dbo].[Questions] ([id], [Name], [IsActive], [CategoryId], [SurveyId], [Order], [IsOpenEnded], [CreateDate]) VALUES (54, N'I beg my child to eat his food.', 1, 10, 2, 27, 0, '20110421 07:42:22.960')
INSERT INTO [dbo].[Questions] ([id], [Name], [IsActive], [CategoryId], [SurveyId], [Order], [IsOpenEnded], [CreateDate]) VALUES (55, N'I tell my child she will get a treat for eating.', 1, 11, 2, 3, 0, '20110421 07:42:22.960')
INSERT INTO [dbo].[Questions] ([id], [Name], [IsActive], [CategoryId], [SurveyId], [Order], [IsOpenEnded], [CreateDate]) VALUES (56, N'I tell my child he will get in trouble for not eating (no toys, time out).', 1, 11, 2, 11, 0, '20110421 07:42:22.960')
INSERT INTO [dbo].[Questions] ([id], [Name], [IsActive], [CategoryId], [SurveyId], [Order], [IsOpenEnded], [CreateDate]) VALUES (57, N'I warn my child he will not get a treat if he does not eat.', 1, 11, 2, 15, 0, '20110421 07:42:22.960')
INSERT INTO [dbo].[Questions] ([id], [Name], [IsActive], [CategoryId], [SurveyId], [Order], [IsOpenEnded], [CreateDate]) VALUES (59, N'I tell my child I do not like it that he is not eating.', 1, 11, 2, 21, 0, '20110421 07:42:22.960')
INSERT INTO [dbo].[Questions] ([id], [Name], [IsActive], [CategoryId], [SurveyId], [Order], [IsOpenEnded], [CreateDate]) VALUES (60, N'I tell my child that I will reward her for eating with TV, playtime, or videogames.', 1, 11, 2, 24, 0, '20110421 07:42:22.960')
INSERT INTO [dbo].[Questions] ([id], [Name], [IsActive], [CategoryId], [SurveyId], [Order], [IsOpenEnded], [CreateDate]) VALUES (61, N'A TV is on when my child eats.', 1, 12, 2, 25, 0, '20110421 07:42:22.960')
INSERT INTO [dbo].[Questions] ([id], [Name], [IsActive], [CategoryId], [SurveyId], [Order], [IsOpenEnded], [CreateDate]) VALUES (62, N'My child skips meals.', 1, 12, 2, 26, 0, '20110421 07:42:22.960')
INSERT INTO [dbo].[Questions] ([id], [Name], [IsActive], [CategoryId], [SurveyId], [Order], [IsOpenEnded], [CreateDate]) VALUES (63, N'My child sits and eats with an adult.', 1, 12, 2, 2, 0, '20110421 07:42:22.960')
INSERT INTO [dbo].[Questions] ([id], [Name], [IsActive], [CategoryId], [SurveyId], [Order], [IsOpenEnded], [CreateDate]) VALUES (64, N'I plan meals.', 1, 12, 2, 4, 0, '20110421 07:42:22.960')
INSERT INTO [dbo].[Questions] ([id], [Name], [IsActive], [CategoryId], [SurveyId], [Order], [IsOpenEnded], [CreateDate]) VALUES (65, N'My Child eats a snack at about the same time every day.', 1, 12, 2, 12, 0, '20110421 07:42:22.960')
INSERT INTO [dbo].[Questions] ([id], [Name], [IsActive], [CategoryId], [SurveyId], [Order], [IsOpenEnded], [CreateDate]) VALUES (66, N'My child eats dinner at about the same time every day.', 1, 12, 2, 13, 0, '20110421 07:42:22.960')
INSERT INTO [dbo].[Questions] ([id], [Name], [IsActive], [CategoryId], [SurveyId], [Order], [IsOpenEnded], [CreateDate]) VALUES (68, N'I remind my child to keep eating her food.', 1, 14, 2, 6, 0, '20110421 08:23:17.287')
INSERT INTO [dbo].[Questions] ([id], [Name], [IsActive], [CategoryId], [SurveyId], [Order], [IsOpenEnded], [CreateDate]) VALUES (115, N'I play outside with my child ____ days a <u>week</u>.', 1, 30, 1, 17, 0, '20110603 07:50:52.000')
INSERT INTO [dbo].[Questions] ([id], [Name], [IsActive], [CategoryId], [SurveyId], [Order], [IsOpenEnded], [CreateDate]) VALUES (116, N'My child is outside ____ hours a <u>day</u>.', 1, 30, 1, 1, 0, '20110526 16:08:14.000')
INSERT INTO [dbo].[Questions] ([id], [Name], [IsActive], [CategoryId], [SurveyId], [Order], [IsOpenEnded], [CreateDate]) VALUES (117, N'My child plays outside ____ days a <u>week</u>.', 1, 30, 1, 5, 0, '20110603 07:48:24.000')
INSERT INTO [dbo].[Questions] ([id], [Name], [IsActive], [CategoryId], [SurveyId], [Order], [IsOpenEnded], [CreateDate]) VALUES (118, N'I drink milk ____ times a <u>day</u>.', 1, 31, 1, 16, 1, '20110603 07:50:21.000')
INSERT INTO [dbo].[Questions] ([id], [Name], [IsActive], [CategoryId], [SurveyId], [Order], [IsOpenEnded], [CreateDate]) VALUES (119, N'My child drinks milk ____ times a <u>day</u>.', 1, 31, 1, 8, 1, '20110603 07:48:59.000')
INSERT INTO [dbo].[Questions] ([id], [Name], [IsActive], [CategoryId], [SurveyId], [Order], [IsOpenEnded], [CreateDate]) VALUES (120, N'My child eats vegetables.', 1, 32, 1, 2, 0, '20110421 07:42:22.000')
INSERT INTO [dbo].[Questions] ([id], [Name], [IsActive], [CategoryId], [SurveyId], [Order], [IsOpenEnded], [CreateDate]) VALUES (121, N'My child eats fruit.', 1, 32, 1, 7, 0, '20110421 07:42:22.000')
INSERT INTO [dbo].[Questions] ([id], [Name], [IsActive], [CategoryId], [SurveyId], [Order], [IsOpenEnded], [CreateDate]) VALUES (122, N'I buy vegetables.', 1, 32, 1, 13, 0, '20110421 07:42:22.000')
INSERT INTO [dbo].[Questions] ([id], [Name], [IsActive], [CategoryId], [SurveyId], [Order], [IsOpenEnded], [CreateDate]) VALUES (123, N'I buy fruits.', 1, 32, 1, 14, 0, '20110421 07:42:22.000')
INSERT INTO [dbo].[Questions] ([id], [Name], [IsActive], [CategoryId], [SurveyId], [Order], [IsOpenEnded], [CreateDate]) VALUES (124, N'I keep fruit ready for my child to eat.', 1, 32, 1, 19, 0, '20110421 07:42:22.000')
INSERT INTO [dbo].[Questions] ([id], [Name], [IsActive], [CategoryId], [SurveyId], [Order], [IsOpenEnded], [CreateDate]) VALUES (125, N'My child eats snack foods like apples, bananas or carrots.', 1, 32, 1, 26, 0, '20110606 13:00:49.000')
INSERT INTO [dbo].[Questions] ([id], [Name], [IsActive], [CategoryId], [SurveyId], [Order], [IsOpenEnded], [CreateDate]) VALUES (126, N'My child eats ____ vegetables at his main meal.', 1, 32, 1, 27, 0, '20110421 07:42:22.000')
INSERT INTO [dbo].[Questions] ([id], [Name], [IsActive], [CategoryId], [SurveyId], [Order], [IsOpenEnded], [CreateDate]) VALUES (127, N'My child eats more than one kind of vegetable a <u>day</u>.', 1, 32, 1, 29, 0, '20110603 07:52:24.000')
INSERT INTO [dbo].[Questions] ([id], [Name], [IsActive], [CategoryId], [SurveyId], [Order], [IsOpenEnded], [CreateDate]) VALUES (128, N'My child sees me eat vegetables.', 1, 32, 1, 37, 0, '20110421 07:42:22.000')
INSERT INTO [dbo].[Questions] ([id], [Name], [IsActive], [CategoryId], [SurveyId], [Order], [IsOpenEnded], [CreateDate]) VALUES (129, N'I keep vegetables ready for my child to eat.', 1, 32, 1, 39, 0, '20110421 07:42:22.000')
INSERT INTO [dbo].[Questions] ([id], [Name], [IsActive], [CategoryId], [SurveyId], [Order], [IsOpenEnded], [CreateDate]) VALUES (130, N'I eat fruit _____ times a <u>day</u>.', 1, 32, 1, 12, 1, '20110603 07:49:42.000')
INSERT INTO [dbo].[Questions] ([id], [Name], [IsActive], [CategoryId], [SurveyId], [Order], [IsOpenEnded], [CreateDate]) VALUES (131, N'My child goes to bed around ____pm.', 1, 33, 1, 3, 1, '20110421 08:24:57.000')
INSERT INTO [dbo].[Questions] ([id], [Name], [IsActive], [CategoryId], [SurveyId], [Order], [IsOpenEnded], [CreateDate]) VALUES (132, N'My child gets up around ____am.', 1, 33, 1, 4, 1, '20110421 08:25:23.000')
INSERT INTO [dbo].[Questions] ([id], [Name], [IsActive], [CategoryId], [SurveyId], [Order], [IsOpenEnded], [CreateDate]) VALUES (133, N'My child does not eat breakfast ____ days a <u>week</u>.', 1, 33, 1, 6, 0, '20110603 07:58:08.000')
INSERT INTO [dbo].[Questions] ([id], [Name], [IsActive], [CategoryId], [SurveyId], [Order], [IsOpenEnded], [CreateDate]) VALUES (134, N'My child is picky about the foods he eats.', 1, 33, 1, 25, 0, '20110421 08:27:34.000')
INSERT INTO [dbo].[Questions] ([id], [Name], [IsActive], [CategoryId], [SurveyId], [Order], [IsOpenEnded], [CreateDate]) VALUES (135, N'My child enjoys cereal for breakfast.', 1, 33, 1, 28, 0, '20110421 08:28:08.000')
INSERT INTO [dbo].[Questions] ([id], [Name], [IsActive], [CategoryId], [SurveyId], [Order], [IsOpenEnded], [CreateDate]) VALUES (136, N'My child eats beans ____ times a <u>week</u>.', 1, 33, 1, 20, 0, '20110603 07:51:20.000')
INSERT INTO [dbo].[Questions] ([id], [Name], [IsActive], [CategoryId], [SurveyId], [Order], [IsOpenEnded], [CreateDate]) VALUES (137, N'My child likes playing instead of watching TV.', 1, 34, 1, 10, 0, '20110421 07:42:22.000')
INSERT INTO [dbo].[Questions] ([id], [Name], [IsActive], [CategoryId], [SurveyId], [Order], [IsOpenEnded], [CreateDate]) VALUES (138, N'I know what my child watches on TV.', 1, 34, 1, 15, 0, '20110421 07:42:22.000')
INSERT INTO [dbo].[Questions] ([id], [Name], [IsActive], [CategoryId], [SurveyId], [Order], [IsOpenEnded], [CreateDate]) VALUES (139, N'My child has a TV in his bedroom.', 1, 34, 1, 22, 0, '20110421 07:42:22.000')
INSERT INTO [dbo].[Questions] ([id], [Name], [IsActive], [CategoryId], [SurveyId], [Order], [IsOpenEnded], [CreateDate]) VALUES (140, N'My child plays video or computer games ____ hours a <u>day</u>.', 1, 34, 1, 30, 0, '20110603 07:52:54.000')
INSERT INTO [dbo].[Questions] ([id], [Name], [IsActive], [CategoryId], [SurveyId], [Order], [IsOpenEnded], [CreateDate]) VALUES (141, N'I watch TV ____ hours a <u>day</u>.', 1, 34, 1, 45, 0, '20110603 08:02:06.000')
INSERT INTO [dbo].[Questions] ([id], [Name], [IsActive], [CategoryId], [SurveyId], [Order], [IsOpenEnded], [CreateDate]) VALUES (142, N'My child watches TV ____ hours a <u>day</u>.', 1, 34, 1, 24, 0, '20110603 07:51:46.000')
INSERT INTO [dbo].[Questions] ([id], [Name], [IsActive], [CategoryId], [SurveyId], [Order], [IsOpenEnded], [CreateDate]) VALUES (143, N'I buy chips, candy or cookies.', 1, 35, 1, 18, 0, '20110421 07:42:22.000')
INSERT INTO [dbo].[Questions] ([id], [Name], [IsActive], [CategoryId], [SurveyId], [Order], [IsOpenEnded], [CreateDate]) VALUES (144, N'My child eats snack foods like cookies, chips and candy.', 1, 35, 1, 21, 0, '20110421 07:42:22.000')
INSERT INTO [dbo].[Questions] ([id], [Name], [IsActive], [CategoryId], [SurveyId], [Order], [IsOpenEnded], [CreateDate]) VALUES (145, N'My child eats a meal while watching TV.', 1, 35, 1, 23, 0, '20110421 07:42:22.000')
INSERT INTO [dbo].[Questions] ([id], [Name], [IsActive], [CategoryId], [SurveyId], [Order], [IsOpenEnded], [CreateDate]) VALUES (146, N'My child drinks soda or sugared drinks.', 1, 35, 1, 32, 0, '20110421 07:42:22.000')
INSERT INTO [dbo].[Questions] ([id], [Name], [IsActive], [CategoryId], [SurveyId], [Order], [IsOpenEnded], [CreateDate]) VALUES (147, N'My child drinks soda ____ times a <u>day</u>.', 1, 35, 1, 33, 0, '20110603 07:53:56.000')
INSERT INTO [dbo].[Questions] ([id], [Name], [IsActive], [CategoryId], [SurveyId], [Order], [IsOpenEnded], [CreateDate]) VALUES (148, N'My child drinks sport drinks or sugared drinks ____ times a <u>day</u>.', 1, 35, 1, 34, 0, '20110603 07:57:21.000')
INSERT INTO [dbo].[Questions] ([id], [Name], [IsActive], [CategoryId], [SurveyId], [Order], [IsOpenEnded], [CreateDate]) VALUES (149, N'My child eats chips for snacks ____ times a <u>day</u>.', 1, 35, 1, 36, 0, '20110603 07:55:42.000')
INSERT INTO [dbo].[Questions] ([id], [Name], [IsActive], [CategoryId], [SurveyId], [Order], [IsOpenEnded], [CreateDate]) VALUES (150, N'My child eats candy, cake or cookies ____ times a <u>day</u>.', 1, 35, 1, 31, 0, '20110603 07:53:18.000')
INSERT INTO [dbo].[Questions] ([id], [Name], [IsActive], [CategoryId], [SurveyId], [Order], [IsOpenEnded], [CreateDate]) VALUES (151, N'My child drinks milk. ', 1, 36, 1, 9, 0, '20110421 07:42:22.000')
INSERT INTO [dbo].[Questions] ([id], [Name], [IsActive], [CategoryId], [SurveyId], [Order], [IsOpenEnded], [CreateDate]) VALUES (152, N'My family eats fried foods ____ times a <u>week</u>.', 1, 36, 1, 38, 0, '20110603 08:00:18.000')
INSERT INTO [dbo].[Questions] ([id], [Name], [IsActive], [CategoryId], [SurveyId], [Order], [IsOpenEnded], [CreateDate]) VALUES (153, N'We eat out ____ times a <u>week</u>.', 1, 36, 1, 40, 0, '20110603 08:00:59.000')
INSERT INTO [dbo].[Questions] ([id], [Name], [IsActive], [CategoryId], [SurveyId], [Order], [IsOpenEnded], [CreateDate]) VALUES (154, N'I trim fat before eating meat.', 1, 36, 1, 43, 0, '20110421 07:42:22.000')
INSERT INTO [dbo].[Questions] ([id], [Name], [IsActive], [CategoryId], [SurveyId], [Order], [IsOpenEnded], [CreateDate]) VALUES (155, N'I eat the skin on chicken.', 1, 36, 1, 44, 0, '20110421 07:42:22.000')
INSERT INTO [dbo].[Questions] ([id], [Name], [IsActive], [CategoryId], [SurveyId], [Order], [IsOpenEnded], [CreateDate]) VALUES (156, N'My child eats fast food ____ times a <u>week</u>.', 1, 36, 1, 35, 0, '20110603 07:55:03.000')
INSERT INTO [dbo].[Questions] ([id], [Name], [IsActive], [CategoryId], [SurveyId], [Order], [IsOpenEnded], [CreateDate]) VALUES (157, N'I plan meals.', 1, 37, 1, 11, 0, '20110421 07:42:22.000')
INSERT INTO [dbo].[Questions] ([id], [Name], [IsActive], [CategoryId], [SurveyId], [Order], [IsOpenEnded], [CreateDate]) VALUES (158, N'I sit and eat a meal with my child.', 1, 37, 1, 41, 0, '20110421 07:42:22.000')
INSERT INTO [dbo].[Questions] ([id], [Name], [IsActive], [CategoryId], [SurveyId], [Order], [IsOpenEnded], [CreateDate]) VALUES (159, N'I cook my child''s dinner from <u>scratch</u>.', 1, 37, 1, 42, 0, '20110603 08:01:26.000')
SET IDENTITY_INSERT [dbo].[Questions] OFF
SET IDENTITY_INSERT [dbo].[Surveys] ON
INSERT INTO [dbo].[Surveys] ([id], [Name], [ShortName], [IsActive], [QuizType]) VALUES (1, N'Healthy Kids', N'HK        ', 1, N' Nutrition')
INSERT INTO [dbo].[Surveys] ([id], [Name], [ShortName], [IsActive], [QuizType]) VALUES (2, N'My Child at Meal Time', N'MCMT      ', 1, N'Parenting')
SET IDENTITY_INSERT [dbo].[Surveys] OFF
ALTER TABLE [dbo].[Questions] ADD CONSTRAINT [FK_Questions_Categories] FOREIGN KEY ([CategoryId]) REFERENCES [dbo].[Categories] ([id])
ALTER TABLE [dbo].[Questions] ADD CONSTRAINT [FK_Questions_Surveys] FOREIGN KEY ([SurveyId]) REFERENCES [dbo].[Surveys] ([id])
ALTER TABLE [dbo].[Responses] ADD CONSTRAINT [FK_Responses_Questions] FOREIGN KEY ([QuestionId]) REFERENCES [dbo].[Questions] ([id])
ALTER TABLE [dbo].[CategoryGoals] ADD CONSTRAINT [FK_CategoryGoals_Categories] FOREIGN KEY ([CategoryId]) REFERENCES [dbo].[Categories] ([id])
ALTER TABLE [dbo].[Categories] ADD CONSTRAINT [FK_Categories_Surveys] FOREIGN KEY ([SurveyId]) REFERENCES [dbo].[Surveys] ([id])
COMMIT TRANSACTION
